,baseline_mean,current_mean,mean_delta,baseline_p50,current_p50,p50_delta,drift_flag
num_late_payments,0.857,0.7993333333333333,-0.057666666666666644,0.0,0.0,0.0,True
avg_payment_delay,-0.15683333333333332,-0.20072222222222225,-0.04388888888888892,0.0,0.0,0.0,True
credit_utilization,0.38021637845956335,0.3738547163394343,-0.0063616621201290635,0.29763283333333335,0.27034238095238095,-0.0272904523809524,False
payment_to_bill_ratio,1.532727890254675,8.04116120860392,6.508433318349246,0.08389754050235639,0.08588517130834138,0.001987630805984991,True
LIMIT_BAL,166539.22666666665,168186.66666666666,1647.4400000000023,140000.0,140000.0,0.0,False
