,baseline,current,delta
count,3000.0,3000.0,0.0
mean,0.22261175513267517,0.220015749335289,-0.0025960057973861694
std,0.19108979403972626,0.18582451343536377,-0.005265280604362488
p10,0.05359941236674785,0.05391227900981903,0.0003128666430711746
p50,0.14660870283842087,0.14937397092580795,0.002765268087387085
p90,0.5478473544120789,0.5285469949245453,-0.019300359487533614
